shuffled_fake_id,temp_fake_id,archetype,archetype_name,degree,targeting_strategy,feature_density,victim_node_id,ring_id,seed
4,4183,B,Hub Targeter,38,preferential_hub,0.1899,-1,-1,42
16,4250,B,Hub Targeter,41,preferential_hub,0.1871,-1,-1,42
34,4440,C,Camouflaged,34,community_embedded_circle,0.01,1745,-1,42
36,4069,A,Obvious Bot,3,uniform_random,0.0085,-1,-1,42
64,4413,C,Camouflaged,24,community_embedded_circle,0.0085,487,-1,42
75,4043,A,Obvious Bot,10,uniform_random,0.0128,-1,-1,42
98,4279,B,Hub Targeter,31,preferential_hub,0.1735,-1,-1,42
114,4102,A,Obvious Bot,8,uniform_random,0.0142,-1,-1,42
116,4171,B,Hub Targeter,45,preferential_hub,0.1721,-1,-1,42
119,4176,B,Hub Targeter,48,preferential_hub,0.1871,-1,-1,42
127,4228,B,Hub Targeter,54,preferential_hub,0.1757,-1,-1,42
130,4480,D,Sybil Ring,24,sybil_clique_hub_sharing,0.1977,-1,4,42
146,4315,C,Camouflaged,21,community_embedded_circle,0.0021,174,-1,42
154,4217,B,Hub Targeter,77,preferential_hub,0.17,-1,-1,42
160,4270,B,Hub Targeter,33,preferential_hub,0.1871,-1,-1,42
161,4429,C,Camouflaged,33,community_embedded_circle,0.0071,350,-1,42
189,4464,D,Sybil Ring,23,sybil_clique_hub_sharing,0.2219,-1,2,42
190,4235,B,Hub Targeter,59,preferential_hub,0.1778,-1,-1,42
197,4329,C,Camouflaged,26,community_embedded_circle,0.0028,876,-1,42
200,4404,C,Camouflaged,21,community_embedded_circle,0.0164,3506,-1,42
202,4335,C,Camouflaged,27,community_embedded_circle,0.0057,825,-1,42
206,4391,C,Camouflaged,28,community_embedded_circle,0.0085,594,-1,42
225,4255,B,Hub Targeter,43,preferential_hub,0.1878,-1,-1,42
241,4449,D,Sybil Ring,21,sybil_clique_hub_sharing,0.1956,-1,0,42
253,4282,B,Hub Targeter,31,preferential_hub,0.1842,-1,-1,42
262,4302,B,Hub Targeter,37,preferential_hub,0.1792,-1,-1,42
264,4042,A,Obvious Bot,2,uniform_random,0.0128,-1,-1,42
301,4240,B,Hub Targeter,55,preferential_hub,0.1935,-1,-1,42
335,4129,A,Obvious Bot,6,uniform_random,0.0206,-1,-1,42
337,4421,C,Camouflaged,25,community_embedded_circle,0.0021,3128,-1,42
379,4417,C,Camouflaged,22,community_embedded_circle,0.0057,611,-1,42
391,4408,C,Camouflaged,22,community_embedded_circle,0.0085,3771,-1,42
395,4047,A,Obvious Bot,7,uniform_random,0.0178,-1,-1,42
396,4052,A,Obvious Bot,5,uniform_random,0.0164,-1,-1,42
412,4095,A,Obvious Bot,9,uniform_random,0.0178,-1,-1,42
417,4103,A,Obvious Bot,7,uniform_random,0.0185,-1,-1,42
466,4485,D,Sybil Ring,18,sybil_clique_hub_sharing,0.2041,-1,5,42
474,4471,D,Sybil Ring,27,sybil_clique_hub_sharing,0.1977,-1,3,42
488,4310,C,Camouflaged,46,community_embedded_circle,0.0071,776,-1,42
492,4416,C,Camouflaged,20,community_embedded_circle,0.0142,2642,-1,42
502,4393,C,Camouflaged,40,community_embedded_circle,0.0028,827,-1,42
512,4164,B,Hub Targeter,70,preferential_hub,0.1885,-1,-1,42
524,4207,B,Hub Targeter,66,preferential_hub,0.1842,-1,-1,42
537,4210,B,Hub Targeter,30,preferential_hub,0.1735,-1,-1,42
559,4162,B,Hub Targeter,78,preferential_hub,0.17,-1,-1,42
562,4258,B,Hub Targeter,51,preferential_hub,0.1636,-1,-1,42
563,4387,C,Camouflaged,29,community_embedded_circle,0.005,1976,-1,42
569,4225,B,Hub Targeter,57,preferential_hub,0.1785,-1,-1,42
574,4192,B,Hub Targeter,56,preferential_hub,0.1842,-1,-1,42
580,4157,B,Hub Targeter,40,preferential_hub,0.1799,-1,-1,42
595,4056,A,Obvious Bot,2,uniform_random,0.0135,-1,-1,42
600,4452,D,Sybil Ring,20,sybil_clique_hub_sharing,0.2269,-1,1,42
606,4239,B,Hub Targeter,31,preferential_hub,0.1679,-1,-1,42
608,4326,C,Camouflaged,27,community_embedded_circle,0.0071,2643,-1,42
616,4101,A,Obvious Bot,5,uniform_random,0.0156,-1,-1,42
623,4301,B,Hub Targeter,75,preferential_hub,0.1927,-1,-1,42
635,4179,B,Hub Targeter,51,preferential_hub,0.1799,-1,-1,42
646,4455,D,Sybil Ring,21,sybil_clique_hub_sharing,0.2141,-1,1,42
659,4319,C,Camouflaged,20,community_embedded_circle,0.0071,2512,-1,42
663,4359,C,Camouflaged,46,community_embedded_circle,0.0028,620,-1,42
675,4088,A,Obvious Bot,7,uniform_random,0.0164,-1,-1,42
698,4344,C,Camouflaged,25,community_embedded_circle,0.0092,542,-1,42
699,4237,B,Hub Targeter,69,preferential_hub,0.1764,-1,-1,42
709,4361,C,Camouflaged,29,community_embedded_circle,0.0021,1972,-1,42
717,4039,A,Obvious Bot,3,uniform_random,0.0114,-1,-1,42
728,4092,A,Obvious Bot,5,uniform_random,0.0135,-1,-1,42
740,4172,B,Hub Targeter,47,preferential_hub,0.1714,-1,-1,42
753,4110,A,Obvious Bot,3,uniform_random,0.0199,-1,-1,42
766,4332,C,Camouflaged,24,community_embedded_circle,0.0021,660,-1,42
769,4478,D,Sybil Ring,23,sybil_clique_hub_sharing,0.2048,-1,4,42
775,4442,C,Camouflaged,33,community_embedded_circle,0.0057,2954,-1,42
784,4213,B,Hub Targeter,78,preferential_hub,0.1671,-1,-1,42
804,4400,C,Camouflaged,59,community_embedded_circle,0.0121,747,-1,42
815,4252,B,Hub Targeter,46,preferential_hub,0.1807,-1,-1,42
825,4098,A,Obvious Bot,9,uniform_random,0.0206,-1,-1,42
830,4175,B,Hub Targeter,75,preferential_hub,0.1835,-1,-1,42
851,4126,A,Obvious Bot,5,uniform_random,0.022,-1,-1,42
853,4196,B,Hub Targeter,59,preferential_hub,0.175,-1,-1,42
854,4341,C,Camouflaged,25,community_embedded_circle,0.0028,775,-1,42
860,4488,D,Sybil Ring,19,sybil_clique_hub_sharing,0.2183,-1,5,42
863,4389,C,Camouflaged,37,community_embedded_circle,0.0057,4023,-1,42
870,4392,C,Camouflaged,20,community_embedded_circle,0.0057,2453,-1,42
872,4061,A,Obvious Bot,8,uniform_random,0.0142,-1,-1,42
876,4182,B,Hub Targeter,35,preferential_hub,0.192,-1,-1,42
878,4420,C,Camouflaged,32,community_embedded_circle,0.0028,697,-1,42
895,4128,A,Obvious Bot,10,uniform_random,0.0142,-1,-1,42
954,4263,B,Hub Targeter,56,preferential_hub,0.1778,-1,-1,42
956,4272,B,Hub Targeter,44,preferential_hub,0.1629,-1,-1,42
959,4254,B,Hub Targeter,50,preferential_hub,0.1778,-1,-1,42
971,4200,B,Hub Targeter,56,preferential_hub,0.1792,-1,-1,42
975,4466,D,Sybil Ring,25,sybil_clique_hub_sharing,0.2091,-1,3,42
977,4077,A,Obvious Bot,5,uniform_random,0.022,-1,-1,42
980,4233,B,Hub Targeter,76,preferential_hub,0.1735,-1,-1,42
991,4181,B,Hub Targeter,64,preferential_hub,0.1935,-1,-1,42
995,4426,C,Camouflaged,39,community_embedded_circle,0.0092,2084,-1,42
1008,4076,A,Obvious Bot,10,uniform_random,0.0149,-1,-1,42
1012,4167,B,Hub Targeter,79,preferential_hub,0.1735,-1,-1,42
1015,4133,A,Obvious Bot,7,uniform_random,0.0142,-1,-1,42
1016,4422,C,Camouflaged,40,community_embedded_circle,0.0121,2024,-1,42
1021,4434,C,Camouflaged,21,community_embedded_circle,0.0085,2595,-1,42
1028,4394,C,Camouflaged,43,community_embedded_circle,0.01,515,-1,42
1045,4261,B,Hub Targeter,47,preferential_hub,0.1807,-1,-1,42
1059,4382,C,Camouflaged,42,community_embedded_circle,0.0028,697,-1,42
1060,4243,B,Hub Targeter,72,preferential_hub,0.1764,-1,-1,42
1066,4116,A,Obvious Bot,10,uniform_random,0.0149,-1,-1,42
1069,4246,B,Hub Targeter,71,preferential_hub,0.1828,-1,-1,42
1076,4419,C,Camouflaged,21,community_embedded_circle,0.0107,558,-1,42
1081,4165,B,Hub Targeter,47,preferential_hub,0.1622,-1,-1,42
1082,4470,D,Sybil Ring,27,sybil_clique_hub_sharing,0.1892,-1,3,42
1122,4080,A,Obvious Bot,10,uniform_random,0.0156,-1,-1,42
1139,4236,B,Hub Targeter,38,preferential_hub,0.1906,-1,-1,42
1147,4324,C,Camouflaged,28,community_embedded_circle,0.0114,828,-1,42
1148,4190,B,Hub Targeter,43,preferential_hub,0.1657,-1,-1,42
1150,4169,B,Hub Targeter,61,preferential_hub,0.1792,-1,-1,42
1154,4290,B,Hub Targeter,66,preferential_hub,0.165,-1,-1,42
1166,4199,B,Hub Targeter,43,preferential_hub,0.1799,-1,-1,42
1184,4475,D,Sybil Ring,24,sybil_clique_hub_sharing,0.1984,-1,4,42
1218,4266,B,Hub Targeter,60,preferential_hub,0.1842,-1,-1,42
1243,4249,B,Hub Targeter,59,preferential_hub,0.1842,-1,-1,42
1267,4460,D,Sybil Ring,22,sybil_clique_hub_sharing,0.2098,-1,2,42
1275,4423,C,Camouflaged,21,community_embedded_circle,0.0114,862,-1,42
1282,4362,C,Camouflaged,31,community_embedded_circle,0.0028,762,-1,42
1291,4351,C,Camouflaged,60,community_embedded_circle,0.0043,2906,-1,42
1296,4059,A,Obvious Bot,7,uniform_random,0.0156,-1,-1,42
1300,4269,B,Hub Targeter,64,preferential_hub,0.1764,-1,-1,42
1306,4365,C,Camouflaged,37,community_embedded_circle,0.0021,3159,-1,42
1348,4132,A,Obvious Bot,10,uniform_random,0.0135,-1,-1,42
1363,4445,D,Sybil Ring,21,sybil_clique_hub_sharing,0.1913,-1,0,42
1365,4053,A,Obvious Bot,3,uniform_random,0.0092,-1,-1,42
1369,4317,C,Camouflaged,20,community_embedded_circle,0.0107,1987,-1,42
1409,4215,B,Hub Targeter,56,preferential_hub,0.1735,-1,-1,42
1445,4285,B,Hub Targeter,45,preferential_hub,0.1828,-1,-1,42
1470,4158,B,Hub Targeter,77,preferential_hub,0.155,-1,-1,42
1478,4444,D,Sybil Ring,22,sybil_clique_hub_sharing,0.1984,-1,0,42
1484,4390,C,Camouflaged,20,community_embedded_circle,0.0043,2208,-1,42
1495,4409,C,Camouflaged,21,community_embedded_circle,0.0028,2498,-1,42
1500,4430,C,Camouflaged,24,community_embedded_circle,0.0107,1882,-1,42
1516,4097,A,Obvious Bot,2,uniform_random,0.0092,-1,-1,42
1527,4267,B,Hub Targeter,31,preferential_hub,0.175,-1,-1,42
1528,4459,D,Sybil Ring,24,sybil_clique_hub_sharing,0.2276,-1,2,42
1529,4369,C,Camouflaged,24,community_embedded_circle,0.0114,3141,-1,42
1548,4065,A,Obvious Bot,10,uniform_random,0.0185,-1,-1,42
1568,4121,A,Obvious Bot,4,uniform_random,0.0142,-1,-1,42
1570,4397,C,Camouflaged,25,community_embedded_circle,0.0036,785,-1,42
1571,4078,A,Obvious Bot,7,uniform_random,0.0185,-1,-1,42
1585,4437,C,Camouflaged,24,community_embedded_circle,0.0107,105,-1,42
1597,4376,C,Camouflaged,52,community_embedded_circle,0.0085,728,-1,42
1625,4105,A,Obvious Bot,3,uniform_random,0.0164,-1,-1,42
1631,4135,A,Obvious Bot,6,uniform_random,0.0085,-1,-1,42
1635,4142,A,Obvious Bot,5,uniform_random,0.0092,-1,-1,42
1636,4348,C,Camouflaged,33,community_embedded_circle,0.0085,70,-1,42
1648,4286,B,Hub Targeter,38,preferential_hub,0.1714,-1,-1,42
1663,4370,C,Camouflaged,24,community_embedded_circle,0.0092,3799,-1,42
1664,4166,B,Hub Targeter,79,preferential_hub,0.1543,-1,-1,42
1678,4384,C,Camouflaged,21,community_embedded_circle,0.0036,2527,-1,42
1679,4154,B,Hub Targeter,57,preferential_hub,0.1842,-1,-1,42
1682,4292,B,Hub Targeter,59,preferential_hub,0.1679,-1,-1,42
1685,4479,D,Sybil Ring,25,sybil_clique_hub_sharing,0.202,-1,4,42
1686,4219,B,Hub Targeter,64,preferential_hub,0.17,-1,-1,42
1687,4125,A,Obvious Bot,9,uniform_random,0.0192,-1,-1,42
1693,4260,B,Hub Targeter,54,preferential_hub,0.1735,-1,-1,42
1696,4288,B,Hub Targeter,72,preferential_hub,0.1885,-1,-1,42
1707,4339,C,Camouflaged,22,community_embedded_circle,0.0128,3938,-1,42
1715,4189,B,Hub Targeter,75,preferential_hub,0.1856,-1,-1,42
1722,4381,C,Camouflaged,20,community_embedded_circle,0.0043,698,-1,42
1733,4337,C,Camouflaged,34,community_embedded_circle,0.0135,2419,-1,42
1734,4312,C,Camouflaged,41,community_embedded_circle,0.0128,647,-1,42
1757,4385,C,Camouflaged,44,community_embedded_circle,0.0021,3370,-1,42
1794,4320,C,Camouflaged,26,community_embedded_circle,0.0107,3427,-1,42
1802,4305,B,Hub Targeter,49,preferential_hub,0.1906,-1,-1,42
1806,4465,D,Sybil Ring,24,sybil_clique_hub_sharing,0.1878,-1,3,42
1816,4226,B,Hub Targeter,61,preferential_hub,0.1771,-1,-1,42
1819,4040,A,Obvious Bot,5,uniform_random,0.0178,-1,-1,42
1821,4060,A,Obvious Bot,9,uniform_random,0.0114,-1,-1,42
1841,4209,B,Hub Targeter,60,preferential_hub,0.1956,-1,-1,42
1843,4311,C,Camouflaged,24,community_embedded_circle,0.0085,682,-1,42
1853,4352,C,Camouflaged,35,community_embedded_circle,0.0057,2513,-1,42
1892,4086,A,Obvious Bot,7,uniform_random,0.0092,-1,-1,42
1895,4224,B,Hub Targeter,47,preferential_hub,0.1835,-1,-1,42
1899,4461,D,Sybil Ring,21,sybil_clique_hub_sharing,0.229,-1,2,42
1903,4055,A,Obvious Bot,5,uniform_random,0.0156,-1,-1,42
1930,4328,C,Camouflaged,29,community_embedded_circle,0.0156,367,-1,42
1931,4168,B,Hub Targeter,63,preferential_hub,0.1814,-1,-1,42
1955,4438,C,Camouflaged,22,community_embedded_circle,0.0149,3566,-1,42
1959,4308,C,Camouflaged,35,community_embedded_circle,0.0092,326,-1,42
1981,4427,C,Camouflaged,27,community_embedded_circle,0.0164,2649,-1,42
1982,4197,B,Hub Targeter,56,preferential_hub,0.1721,-1,-1,42
1986,4316,C,Camouflaged,45,community_embedded_circle,0.0028,763,-1,42
1998,4358,C,Camouflaged,25,community_embedded_circle,0.0021,1177,-1,42
2027,4411,C,Camouflaged,28,community_embedded_circle,0.0021,431,-1,42
2038,4368,C,Camouflaged,25,community_embedded_circle,0.0135,3055,-1,42
2041,4448,D,Sybil Ring,22,sybil_clique_hub_sharing,0.1963,-1,0,42
2047,4468,D,Sybil Ring,26,sybil_clique_hub_sharing,0.1991,-1,3,42
2049,4298,B,Hub Targeter,68,preferential_hub,0.1856,-1,-1,42
2056,4294,B,Hub Targeter,46,preferential_hub,0.2041,-1,-1,42
2061,4450,D,Sybil Ring,22,sybil_clique_hub_sharing,0.2148,-1,1,42
2062,4415,C,Camouflaged,32,community_embedded_circle,0.0043,2906,-1,42
2065,4227,B,Hub Targeter,31,preferential_hub,0.1757,-1,-1,42
2070,4140,A,Obvious Bot,4,uniform_random,0.0114,-1,-1,42
2082,4109,A,Obvious Bot,10,uniform_random,0.0164,-1,-1,42
2109,4057,A,Obvious Bot,2,uniform_random,0.0128,-1,-1,42
2141,4147,A,Obvious Bot,3,uniform_random,0.01,-1,-1,42
2143,4074,A,Obvious Bot,3,uniform_random,0.0121,-1,-1,42
2160,4343,C,Camouflaged,33,community_embedded_circle,0.01,1452,-1,42
2200,4278,B,Hub Targeter,78,preferential_hub,0.1913,-1,-1,42
2205,4248,B,Hub Targeter,38,preferential_hub,0.1871,-1,-1,42
2224,4049,A,Obvious Bot,7,uniform_random,0.0135,-1,-1,42
2237,4366,C,Camouflaged,36,community_embedded_circle,0.0064,789,-1,42
2239,4083,A,Obvious Bot,9,uniform_random,0.0128,-1,-1,42
2255,4291,B,Hub Targeter,43,preferential_hub,0.1728,-1,-1,42
2264,4063,A,Obvious Bot,3,uniform_random,0.0114,-1,-1,42
2265,4144,A,Obvious Bot,3,uniform_random,0.0149,-1,-1,42
2278,4406,C,Camouflaged,20,community_embedded_circle,0.0121,2222,-1,42
2294,4156,B,Hub Targeter,58,preferential_hub,0.1735,-1,-1,42
2300,4234,B,Hub Targeter,40,preferential_hub,0.1927,-1,-1,42
2326,4064,A,Obvious Bot,8,uniform_random,0.0156,-1,-1,42
2327,4331,C,Camouflaged,21,community_embedded_circle,0.0021,174,-1,42
2363,4451,D,Sybil Ring,23,sybil_clique_hub_sharing,0.2084,-1,1,42
2368,4203,B,Hub Targeter,67,preferential_hub,0.1743,-1,-1,42
2385,4307,B,Hub Targeter,67,preferential_hub,0.1764,-1,-1,42
2391,4477,D,Sybil Ring,23,sybil_clique_hub_sharing,0.1977,-1,4,42
2427,4122,A,Obvious Bot,8,uniform_random,0.0199,-1,-1,42
2433,4476,D,Sybil Ring,25,sybil_clique_hub_sharing,0.192,-1,4,42
2435,4453,D,Sybil Ring,24,sybil_clique_hub_sharing,0.2155,-1,1,42
2444,4115,A,Obvious Bot,6,uniform_random,0.0185,-1,-1,42
2454,4402,C,Camouflaged,41,community_embedded_circle,0.0021,800,-1,42
2455,4208,B,Hub Targeter,54,preferential_hub,0.1899,-1,-1,42
2479,4143,A,Obvious Bot,5,uniform_random,0.0164,-1,-1,42
2485,4257,B,Hub Targeter,50,preferential_hub,0.1821,-1,-1,42
2489,4136,A,Obvious Bot,10,uniform_random,0.0142,-1,-1,42
2491,4187,B,Hub Targeter,74,preferential_hub,0.1721,-1,-1,42
2492,4046,A,Obvious Bot,3,uniform_random,0.0156,-1,-1,42
2502,4041,A,Obvious Bot,10,uniform_random,0.0171,-1,-1,42
2504,4085,A,Obvious Bot,3,uniform_random,0.0121,-1,-1,42
2511,4321,C,Camouflaged,53,community_embedded_circle,0.0071,630,-1,42
2524,4247,B,Hub Targeter,57,preferential_hub,0.1743,-1,-1,42
2537,4216,B,Hub Targeter,64,preferential_hub,0.165,-1,-1,42
2546,4111,A,Obvious Bot,6,uniform_random,0.0149,-1,-1,42
2556,4443,D,Sybil Ring,20,sybil_clique_hub_sharing,0.1949,-1,0,42
2557,4280,B,Hub Targeter,45,preferential_hub,0.197,-1,-1,42
2558,4469,D,Sybil Ring,26,sybil_clique_hub_sharing,0.1949,-1,3,42
2565,4244,B,Hub Targeter,31,preferential_hub,0.1935,-1,-1,42
2568,4412,C,Camouflaged,20,community_embedded_circle,0.01,349,-1,42
2612,4446,D,Sybil Ring,21,sybil_clique_hub_sharing,0.192,-1,0,42
2613,4432,C,Camouflaged,25,community_embedded_circle,0.0142,979,-1,42
2625,4378,C,Camouflaged,22,community_embedded_circle,0.0021,312,-1,42
2660,4186,B,Hub Targeter,54,preferential_hub,0.1885,-1,-1,42
2675,4363,C,Camouflaged,26,community_embedded_circle,0.0164,439,-1,42
2690,4396,C,Camouflaged,35,community_embedded_circle,0.005,733,-1,42
2693,4374,C,Camouflaged,23,community_embedded_circle,0.0149,348,-1,42
2695,4410,C,Camouflaged,25,community_embedded_circle,0.0028,775,-1,42
2701,4201,B,Hub Targeter,54,preferential_hub,0.1757,-1,-1,42
2710,4072,A,Obvious Bot,6,uniform_random,0.0156,-1,-1,42
2729,4377,C,Camouflaged,42,community_embedded_circle,0.0142,2111,-1,42
2731,4399,C,Camouflaged,45,community_embedded_circle,0.0078,3236,-1,42
2733,4223,B,Hub Targeter,44,preferential_hub,0.1814,-1,-1,42
2734,4463,D,Sybil Ring,25,sybil_clique_hub_sharing,0.2176,-1,2,42
2735,4264,B,Hub Targeter,46,preferential_hub,0.1778,-1,-1,42
2738,4119,A,Obvious Bot,7,uniform_random,0.0171,-1,-1,42
2744,4152,B,Hub Targeter,76,preferential_hub,0.1707,-1,-1,42
2747,4467,D,Sybil Ring,24,sybil_clique_hub_sharing,0.1942,-1,3,42
2773,4398,C,Camouflaged,28,community_embedded_circle,0.0064,745,-1,42
2774,4198,B,Hub Targeter,33,preferential_hub,0.1714,-1,-1,42
2777,4338,C,Camouflaged,23,community_embedded_circle,0.0036,863,-1,42
2786,4082,A,Obvious Bot,3,uniform_random,0.0142,-1,-1,42
2790,4388,C,Camouflaged,20,community_embedded_circle,0.0043,698,-1,42
2806,4211,B,Hub Targeter,52,preferential_hub,0.1835,-1,-1,42
2808,4089,A,Obvious Bot,9,uniform_random,0.01,-1,-1,42
2811,4318,C,Camouflaged,22,community_embedded_circle,0.0121,3586,-1,42
2816,4134,A,Obvious Bot,7,uniform_random,0.0135,-1,-1,42
2824,4447,D,Sybil Ring,20,sybil_clique_hub_sharing,0.1927,-1,0,42
2838,4170,B,Hub Targeter,70,preferential_hub,0.175,-1,-1,42
2839,4130,A,Obvious Bot,7,uniform_random,0.0128,-1,-1,42
2849,4163,B,Hub Targeter,45,preferential_hub,0.1821,-1,-1,42
2869,4275,B,Hub Targeter,79,preferential_hub,0.1757,-1,-1,42
2888,4454,D,Sybil Ring,21,sybil_clique_hub_sharing,0.2198,-1,1,42
2896,4107,A,Obvious Bot,4,uniform_random,0.0142,-1,-1,42
2901,4220,B,Hub Targeter,68,preferential_hub,0.1693,-1,-1,42
2904,4472,D,Sybil Ring,25,sybil_clique_hub_sharing,0.1999,-1,3,42
2911,4313,C,Camouflaged,46,community_embedded_circle,0.0142,2135,-1,42
2914,4062,A,Obvious Bot,3,uniform_random,0.0156,-1,-1,42
2919,4481,D,Sybil Ring,21,sybil_clique_hub_sharing,0.1942,-1,4,42
2931,4330,C,Camouflaged,37,community_embedded_circle,0.0064,299,-1,42
2950,4206,B,Hub Targeter,78,preferential_hub,0.1849,-1,-1,42
2959,4145,A,Obvious Bot,5,uniform_random,0.0121,-1,-1,42
2961,4277,B,Hub Targeter,32,preferential_hub,0.17,-1,-1,42
2967,4084,A,Obvious Bot,5,uniform_random,0.0149,-1,-1,42
2975,4232,B,Hub Targeter,55,preferential_hub,0.1828,-1,-1,42
2976,4309,C,Camouflaged,21,community_embedded_circle,0.0078,2483,-1,42
2999,4346,C,Camouflaged,22,community_embedded_circle,0.005,2439,-1,42
3005,4462,D,Sybil Ring,25,sybil_clique_hub_sharing,0.2169,-1,2,42
3009,4218,B,Hub Targeter,77,preferential_hub,0.1757,-1,-1,42
3051,4184,B,Hub Targeter,39,preferential_hub,0.1792,-1,-1,42
3059,4146,A,Obvious Bot,5,uniform_random,0.0142,-1,-1,42
3060,4375,C,Camouflaged,26,community_embedded_circle,0.0071,2254,-1,42
3067,4253,B,Hub Targeter,54,preferential_hub,0.1636,-1,-1,42
3068,4090,A,Obvious Bot,9,uniform_random,0.01,-1,-1,42
3069,4104,A,Obvious Bot,9,uniform_random,0.0128,-1,-1,42
3073,4435,C,Camouflaged,22,community_embedded_circle,0.0228,2283,-1,42
3087,4131,A,Obvious Bot,5,uniform_random,0.0156,-1,-1,42
3090,4050,A,Obvious Bot,6,uniform_random,0.0114,-1,-1,42
3092,4486,D,Sybil Ring,17,sybil_clique_hub_sharing,0.2105,-1,5,42
3099,4405,C,Camouflaged,20,community_embedded_circle,0.0142,2062,-1,42
3104,4403,C,Camouflaged,34,community_embedded_circle,0.005,2770,-1,42
3108,4296,B,Hub Targeter,53,preferential_hub,0.1842,-1,-1,42
3118,4148,A,Obvious Bot,4,uniform_random,0.0213,-1,-1,42
3120,4251,B,Hub Targeter,33,preferential_hub,0.1935,-1,-1,42
3124,4185,B,Hub Targeter,44,preferential_hub,0.1899,-1,-1,42
3146,4096,A,Obvious Bot,2,uniform_random,0.0128,-1,-1,42
3147,4155,B,Hub Targeter,65,preferential_hub,0.1821,-1,-1,42
3152,4439,C,Camouflaged,25,community_embedded_circle,0.0092,3766,-1,42
3157,4379,C,Camouflaged,56,community_embedded_circle,0.0021,436,-1,42
3170,4293,B,Hub Targeter,74,preferential_hub,0.17,-1,-1,42
3171,4482,D,Sybil Ring,23,sybil_clique_hub_sharing,0.1878,-1,4,42
3175,4212,B,Hub Targeter,49,preferential_hub,0.1778,-1,-1,42
3183,4281,B,Hub Targeter,42,preferential_hub,0.1629,-1,-1,42
3191,4289,B,Hub Targeter,37,preferential_hub,0.1963,-1,-1,42
3202,4458,D,Sybil Ring,23,sybil_clique_hub_sharing,0.2105,-1,2,42
3219,4314,C,Camouflaged,49,community_embedded_circle,0.0064,2158,-1,42
3234,4274,B,Hub Targeter,34,preferential_hub,0.1963,-1,-1,42
3242,4383,C,Camouflaged,31,community_embedded_circle,0.0064,884,-1,42
3251,4138,A,Obvious Bot,5,uniform_random,0.0142,-1,-1,42
3255,4334,C,Camouflaged,22,community_embedded_circle,0.0064,881,-1,42
3261,4191,B,Hub Targeter,34,preferential_hub,0.1764,-1,-1,42
3267,4099,A,Obvious Bot,4,uniform_random,0.0192,-1,-1,42
3272,4325,C,Camouflaged,24,community_embedded_circle,0.0142,172,-1,42
3302,4367,C,Camouflaged,24,community_embedded_circle,0.0107,3488,-1,42
3304,4354,C,Camouflaged,26,community_embedded_circle,0.0235,3677,-1,42
3314,4380,C,Camouflaged,25,community_embedded_circle,0.0064,749,-1,42
3327,4230,B,Hub Targeter,72,preferential_hub,0.1728,-1,-1,42
3342,4425,C,Camouflaged,32,community_embedded_circle,0.0085,4002,-1,42
3343,4160,B,Hub Targeter,58,preferential_hub,0.1899,-1,-1,42
3348,4091,A,Obvious Bot,2,uniform_random,0.0171,-1,-1,42
3354,4256,B,Hub Targeter,59,preferential_hub,0.1892,-1,-1,42
3356,4151,B,Hub Targeter,69,preferential_hub,0.175,-1,-1,42
3369,4303,B,Hub Targeter,79,preferential_hub,0.1984,-1,-1,42
3373,4113,A,Obvious Bot,2,uniform_random,0.0142,-1,-1,42
3385,4474,D,Sybil Ring,24,sybil_clique_hub_sharing,0.1991,-1,4,42
3394,4229,B,Hub Targeter,51,preferential_hub,0.1743,-1,-1,42
3397,4322,C,Camouflaged,24,community_embedded_circle,0.0085,432,-1,42
3420,4241,B,Hub Targeter,67,preferential_hub,0.1942,-1,-1,42
3436,4259,B,Hub Targeter,78,preferential_hub,0.1977,-1,-1,42
3440,4067,A,Obvious Bot,4,uniform_random,0.0178,-1,-1,42
3444,4483,D,Sybil Ring,18,sybil_clique_hub_sharing,0.1977,-1,5,42
3445,4357,C,Camouflaged,52,community_embedded_circle,0.0085,2531,-1,42
3446,4262,B,Hub Targeter,78,preferential_hub,0.1885,-1,-1,42
3447,4094,A,Obvious Bot,9,uniform_random,0.0128,-1,-1,42
3457,4349,C,Camouflaged,23,community_embedded_circle,0.0064,373,-1,42
3461,4433,C,Camouflaged,28,community_embedded_circle,0.0021,761,-1,42
3465,4087,A,Obvious Bot,3,uniform_random,0.0185,-1,-1,42
3474,4340,C,Camouflaged,24,community_embedded_circle,0.0021,2230,-1,42
3491,4093,A,Obvious Bot,8,uniform_random,0.0149,-1,-1,42
3498,4118,A,Obvious Bot,7,uniform_random,0.0185,-1,-1,42
3506,4153,B,Hub Targeter,62,preferential_hub,0.1821,-1,-1,42
3510,4336,C,Camouflaged,53,community_embedded_circle,0.0092,3431,-1,42
3546,4127,A,Obvious Bot,6,uniform_random,0.0171,-1,-1,42
3556,4457,D,Sybil Ring,23,sybil_clique_hub_sharing,0.2119,-1,1,42
3561,4407,C,Camouflaged,45,community_embedded_circle,0.0092,352,-1,42
3581,4350,C,Camouflaged,24,community_embedded_circle,0.01,3548,-1,42
3582,4327,C,Camouflaged,46,community_embedded_circle,0.0057,719,-1,42
3627,4373,C,Camouflaged,22,community_embedded_circle,0.0149,3566,-1,42
3643,4299,B,Hub Targeter,68,preferential_hub,0.1878,-1,-1,42
3645,4401,C,Camouflaged,24,community_embedded_circle,0.0114,451,-1,42
3672,4161,B,Hub Targeter,46,preferential_hub,0.1764,-1,-1,42
3675,4174,B,Hub Targeter,34,preferential_hub,0.1757,-1,-1,42
3696,4347,C,Camouflaged,20,community_embedded_circle,0.0135,1970,-1,42
3723,4297,B,Hub Targeter,40,preferential_hub,0.1807,-1,-1,42
3730,4137,A,Obvious Bot,6,uniform_random,0.0121,-1,-1,42
3736,4194,B,Hub Targeter,51,preferential_hub,0.1899,-1,-1,42
3743,4356,C,Camouflaged,29,community_embedded_circle,0.0064,818,-1,42
3746,4123,A,Obvious Bot,5,uniform_random,0.0135,-1,-1,42
3748,4360,C,Camouflaged,28,community_embedded_circle,0.0078,774,-1,42
3760,4081,A,Obvious Bot,2,uniform_random,0.0128,-1,-1,42
3763,4353,C,Camouflaged,23,community_embedded_circle,0.0085,885,-1,42
3766,4066,A,Obvious Bot,6,uniform_random,0.0171,-1,-1,42
3769,4193,B,Hub Targeter,56,preferential_hub,0.1856,-1,-1,42
3772,4487,D,Sybil Ring,18,sybil_clique_hub_sharing,0.2027,-1,5,42
3777,4276,B,Hub Targeter,71,preferential_hub,0.1892,-1,-1,42
3791,4273,B,Hub Targeter,71,preferential_hub,0.1757,-1,-1,42
3798,4424,C,Camouflaged,41,community_embedded_circle,0.0121,2232,-1,42
3807,4070,A,Obvious Bot,10,uniform_random,0.0092,-1,-1,42
3840,4395,C,Camouflaged,22,community_embedded_circle,0.0149,3566,-1,42
3843,4431,C,Camouflaged,20,community_embedded_circle,0.0121,2385,-1,42
3847,4202,B,Hub Targeter,79,preferential_hub,0.1913,-1,-1,42
3851,4068,A,Obvious Bot,6,uniform_random,0.0185,-1,-1,42
3854,4188,B,Hub Targeter,39,preferential_hub,0.1735,-1,-1,42
3863,4222,B,Hub Targeter,61,preferential_hub,0.1664,-1,-1,42
3884,4414,C,Camouflaged,22,community_embedded_circle,0.0071,2426,-1,42
3890,4456,D,Sybil Ring,24,sybil_clique_hub_sharing,0.2283,-1,1,42
3913,4117,A,Obvious Bot,7,uniform_random,0.0092,-1,-1,42
3923,4283,B,Hub Targeter,69,preferential_hub,0.1728,-1,-1,42
3943,4436,C,Camouflaged,35,community_embedded_circle,0.0078,3214,-1,42
3952,4058,A,Obvious Bot,8,uniform_random,0.0121,-1,-1,42
3969,4112,A,Obvious Bot,6,uniform_random,0.0164,-1,-1,42
3974,4100,A,Obvious Bot,5,uniform_random,0.0178,-1,-1,42
3986,4044,A,Obvious Bot,4,uniform_random,0.0156,-1,-1,42
3987,4268,B,Hub Targeter,77,preferential_hub,0.1615,-1,-1,42
3991,4287,B,Hub Targeter,60,preferential_hub,0.1949,-1,-1,42
3993,4418,C,Camouflaged,30,community_embedded_circle,0.0114,414,-1,42
4000,4120,A,Obvious Bot,10,uniform_random,0.0128,-1,-1,42
4014,4441,C,Camouflaged,44,community_embedded_circle,0.0057,3031,-1,42
4029,4364,C,Camouflaged,26,community_embedded_circle,0.0235,3677,-1,42
4045,4150,A,Obvious Bot,9,uniform_random,0.0135,-1,-1,42
4057,4214,B,Hub Targeter,54,preferential_hub,0.1999,-1,-1,42
4061,4304,B,Hub Targeter,40,preferential_hub,0.1956,-1,-1,42
4067,4271,B,Hub Targeter,52,preferential_hub,0.1721,-1,-1,42
4070,4159,B,Hub Targeter,60,preferential_hub,0.1814,-1,-1,42
4079,4079,A,Obvious Bot,3,uniform_random,0.0135,-1,-1,42
4090,4295,B,Hub Targeter,79,preferential_hub,0.1693,-1,-1,42
4092,4054,A,Obvious Bot,10,uniform_random,0.0171,-1,-1,42
4097,4342,C,Camouflaged,41,community_embedded_circle,0.0071,2722,-1,42
4107,4114,A,Obvious Bot,8,uniform_random,0.0135,-1,-1,42
4115,4204,B,Hub Targeter,74,preferential_hub,0.1714,-1,-1,42
4117,4473,D,Sybil Ring,26,sybil_clique_hub_sharing,0.1977,-1,3,42
4125,4073,A,Obvious Bot,3,uniform_random,0.0206,-1,-1,42
4131,4205,B,Hub Targeter,31,preferential_hub,0.1814,-1,-1,42
4142,4180,B,Hub Targeter,50,preferential_hub,0.1956,-1,-1,42
4146,4195,B,Hub Targeter,64,preferential_hub,0.1615,-1,-1,42
4159,4075,A,Obvious Bot,4,uniform_random,0.0206,-1,-1,42
4163,4139,A,Obvious Bot,7,uniform_random,0.0142,-1,-1,42
4168,4124,A,Obvious Bot,8,uniform_random,0.0142,-1,-1,42
4180,4048,A,Obvious Bot,9,uniform_random,0.0164,-1,-1,42
4191,4386,C,Camouflaged,34,community_embedded_circle,0.01,1052,-1,42
4198,4108,A,Obvious Bot,6,uniform_random,0.0199,-1,-1,42
4199,4284,B,Hub Targeter,39,preferential_hub,0.1913,-1,-1,42
4218,4333,C,Camouflaged,24,community_embedded_circle,0.0085,3061,-1,42
4249,4149,A,Obvious Bot,9,uniform_random,0.0078,-1,-1,42
4260,4178,B,Hub Targeter,47,preferential_hub,0.1913,-1,-1,42
4282,4323,C,Camouflaged,32,community_embedded_circle,0.0064,239,-1,42
4292,4177,B,Hub Targeter,45,preferential_hub,0.1906,-1,-1,42
4293,4238,B,Hub Targeter,64,preferential_hub,0.1792,-1,-1,42
4297,4428,C,Camouflaged,22,community_embedded_circle,0.0021,3962,-1,42
4317,4173,B,Hub Targeter,58,preferential_hub,0.1863,-1,-1,42
4331,4242,B,Hub Targeter,66,preferential_hub,0.1849,-1,-1,42
4344,4051,A,Obvious Bot,8,uniform_random,0.0121,-1,-1,42
4354,4045,A,Obvious Bot,4,uniform_random,0.0164,-1,-1,42
4385,4141,A,Obvious Bot,7,uniform_random,0.0156,-1,-1,42
4386,4071,A,Obvious Bot,10,uniform_random,0.0128,-1,-1,42
4403,4265,B,Hub Targeter,35,preferential_hub,0.1764,-1,-1,42
4409,4355,C,Camouflaged,34,community_embedded_circle,0.0171,2296,-1,42
4422,4300,B,Hub Targeter,77,preferential_hub,0.1878,-1,-1,42
4426,4484,D,Sybil Ring,19,sybil_clique_hub_sharing,0.1991,-1,5,42
4427,4371,C,Camouflaged,25,community_embedded_circle,0.0036,279,-1,42
4439,4345,C,Camouflaged,27,community_embedded_circle,0.005,2959,-1,42
4441,4221,B,Hub Targeter,44,preferential_hub,0.1814,-1,-1,42
4442,4106,A,Obvious Bot,10,uniform_random,0.0107,-1,-1,42
4445,4372,C,Camouflaged,37,community_embedded_circle,0.0078,4019,-1,42
4475,4231,B,Hub Targeter,73,preferential_hub,0.1593,-1,-1,42
4481,4306,B,Hub Targeter,36,preferential_hub,0.1728,-1,-1,42
4483,4245,B,Hub Targeter,35,preferential_hub,0.1764,-1,-1,42
